Customer Id,First Name
DD37Cf93aecA6Dc,Sheryl
1Ef7b82A4CAAD10,Preston
6F94879bDAfE5a6,Roy
5Cef8BFA16c5e3c,Linda
053d585Ab6b3159,Joanna
2d08FB17EE273F4,Aimee
EA4d384DfDbBf77,Darren
0e04AFde9f225dE,Brett
C2dE4dEEc489ae0,Sheryl
8C2811a503C7c5a,Michelle
216E205d6eBb815,Carl
CEDec94deE6d69B,Jenna
e35426EbDEceaFF,Tracey
A08A8aF8BE9FaD4,Kristine
6fEaA1b7cab7B6C,Faith
8cad0b4CBceaeec,Miranda
a5DC21AE3a21eaA,Caroline
F8Aa9d6DfcBeeF8,Greg
F160f5Db3EfE973,Clifford
0F60FF3DdCd7aB0,Joanna
9F9AdB7B8A6f7F2,Maxwell
FBd0Ded4F02a742,Kiara
2FB0FAA1d429421,Colleen
010468dAA11382c,Janet
eC1927Ca84E033e,Shane
09D7D7C8Fe09aea,Marcus
aBdfcF2c50b0bfD,Dakota
b92EBfdF8a3f0E6,Frederick
3B5dAAFA41AFa22,Stefanie
EDA69ca7a6e96a2,Kent
64DCcDFaB9DFd4e,Jack
679c6c83DD872d6,Tom
7Ce381e4Afa4ba9,Gabriel
A09AEc6E3bF70eE,Kaitlyn
aA9BAFfBc3710fe,Faith
E11dfb2DB8C9f72,Tammie
889eCf90f68c5Da,Nicholas
7a1Ee69F4fF4B4D,Jordan
dca4f1D0A0fc5c9,Bruce
17aD8e2dB3df03D,Sherry
2f79Cd309624Abb,Natalie
6e5ad5a5e2bB5Ca,Bryan
7E441b6B228DBcA,Wayne
D3fC11A9C235Dc6,Luis
30Dfa48fe5Ede78,Rhonda
fD780ED8dbEae7B,Joanne
300A40d3ce24bBA,Geoffrey
283DFCD0Dba40aF,Gloria
F4Fc91fEAEad286,Brady
80F33Fd2AcebF05,Latoya
Aa20BDe68eAb0e9,Gerald
e898eEB1B9FE22b,Samuel
faCEF517ae7D8eB,Patricia
c09952De6Cda8aA,Stacie
f3BEf3Be028166f,Robin
C6F2Fc6a7948a4e,Ralph
c8FE57cBBdCDcb2,Phyllis
B5acdFC982124F2,Danny
8c7DdF10798bCC3,Kathy
C681dDd0cc422f7,Kelli
a940cE42e035F28,Lynn
9Cf5E6AFE0aeBfd,Shelley
aEcbe5365BbC67D,Eddie
FCBdfCEAe20A8Dc,Chloe
636cBF0835E10ff,Eileen
fF1b6c9E8Fbf1ff,Fernando
2A13F74EAa7DA6c,Makayla
a014Ec1b9FccC1E,Tom
421a109cABDf5fa,Virginia
CC68FD1D3Bbbf22,Riley
CBCd2Ac8E3eBDF9,Alexandria
Ef859092FbEcC07,Richard
F560f2d3cDFb618,Candice
A3F76Be153Df4a3,Anita
D01Af0AF7cBbFeA,Regina
d40e89dCade7b2F,Debra
BF6a1f9bd1bf8DE,Brittany
FfaeFFbbbf280db,Cassidy
CbAE1d1e9a8dCb1,Laurie
A7F85c1DE4dB87f,Alejandro
D6CEAfb3BDbaa1A,Leslie
Ebdb6F6F7c90b69,Kathleen
E8E7e8Cfe516ef0,Hunter
78C06E9b6B3DF20,Chad
03A1E62ADdeb31c,Corey
C6763c99d0bd16D,Emma
ebe77E5Bf9476CE,Duane
E4Bbcd8AD81fC5f,Alison
efeb73245CDf1fF,Vernon
37Ec4B395641c1E,Lori
5ef6d3eefdD43bE,Nina
98b3aeDcC3B9FF3,Shane
aAb6AFc7AfD0fF3,Collin
54B5B5Fe9F1B6C5,Sherry
BE91A0bdcA49Bbc,Darrell
cb8E23e48d22Eae,Karl
CeD220bdAaCfaDf,Lynn
28CDbC0dFe4b1Db,Fred
c23d1D9EE8DEB0A,Yvonne
2354a0E336A91A1,Clarence